timeIndex,positionErrorX,positionErrorY,positionErrorZ,rangeError,velocityError,azimuthError,elevationError,positionErrorH,positionErrorV,snr
1,-6.26917671810212,1.20123284421443,4.21324277523195,1.5376238380336,-0.0361043071387424,1.7917734863897,1.09679588536849,6.38322309408132,4.21324277523195,-34.9060560494691
1,NaN,NaN,NaN,NaN,NaN,NaN,NaN,NaN,NaN,-35.2607562900044
1,NaN,NaN,NaN,NaN,NaN,NaN,NaN,NaN,NaN,-26.8342215857382
1,3.26164260703413,-3.70190250116153,1.0874815285039,-0.502939407605766,-0.0442457719863754,-1.12780816726725,0.342386068694964,4.93380123476072,1.0874815285039,-33.3153153750879
1,1.59280198097136,2.64519575488731,0.388481860914879,3.03913879295041,0.0829541530482487,0.171884181797118,-0.117640536144926,3.08773035290651,0.388481860914879,-19.7730560755727
2,3.10581878336927,2.51242657792815,4.20490661711872,2.91067961931708,-0.021207506959815,0.850298523838852,0.780075849708979,3.99479631828823,4.20490661711872,-15.7498519196361
2,NaN,NaN,NaN,NaN,NaN,NaN,NaN,NaN,NaN,-27.1931068047646
2,-5.78732436694816,-1.89236096318761,4.74140059113114,-0.489868378785218,-0.0565796394112521,-0.259591905899754,1.23090018270028,6.08885484662496,4.74140059113114,-29.8612799922367
2,-2.519126829674,-2.1492462071684,3.19058571224591,1.48831454001251,0.033317399621632,-1.15134169627365,2.04127412624587,3.31138328240799,3.19058571224591,-14.4934177586124
2,1.95990029827328,-0.890556176966925,-3.17472976363585,-0.599999908749567,-0.122253918307777,-0.488322941002679,-0.693824425885325,2.15274231702395,-3.17472976363585,-23.4458695303276
3,2.44510114772507,-1.29416032683844,-0.517187952498659,0.968265830800419,0.0836932906633034,-0.60763476778785,-0.326076427137828,2.76647258691804,-0.517187952498659,-31.1439677650681
3,NaN,NaN,NaN,NaN,NaN,NaN,NaN,NaN,NaN,-31.546124571639
3,0.787485566492137,0.50802559148724,0.883824476725266,1.05064487914112,-0.102399797542729,-0.0611393485249607,0.165394289429061,0.937135806081169,0.883824476725266,-23.1976613926227
3,NaN,NaN,NaN,NaN,NaN,NaN,NaN,NaN,NaN,-33.3238325565021
3,3.30947463166268,0.24092310309284,1.0891577284539,2.90357039962865,-0.115158149490898,-0.65416252444173,0.030979630896482,3.31823240283479,1.0891577284539,-19.6603876385415
4,-2.64862443421794,-4.15368859463004,3.78640746249013,-0.446150616316231,-0.00727418004314906,-0.954814373028122,0.922298187645726,4.9262907277886,3.78640746249013,-23.6147956675606
4,-9.79086379010614,-1.88658382983218,5.47539162391388,1.48016203938886,0.0754599000236489,2.19821504657328,1.04675249513456,9.97096847369381,5.47539162391388,-33.5868754544743
4,0.34659118454536,-4.14874837389032,-0.0389199450028315,1.30150839006509,-0.109531639994113,-1.05497672948577,-0.0759089204353405,4.163200513915,-0.0389199450028315,-17.6412498306706
4,-0.780116715595412,1.1759484017978,1.76260761267805,1.53991720086142,0.0740956638225816,0.436353502204057,0.426657919936506,1.41118274282326,1.76260761267805,-6.20071784158282
4,5.52664453892442,-1.53275326292343,-3.67509041696263,1.44673417714989,-0.0496879626880782,-0.313926604671749,-1.01828456466872,5.73525347518534,-3.67509041696263,-40.1715397087291
5,NaN,NaN,NaN,NaN,NaN,NaN,NaN,NaN,NaN,-26.695445150342
5,1.04458891079798,-2.64398847307196,3.92008085403515,1.34413048351763,-0.0379163569302073,-0.716672659557528,0.855970553489136,2.8428578997726,3.92008085403515,-30.9070266888567
5,4.1433191937794,2.32168171752181,-1.04448462842166,2.83350740716662,-0.076114652208382,0.409030307546513,-0.563055734666484,4.74945259361706,-1.04448462842166,-30.59008084481
5,1.26459243819301,-2.45349842298651,1.3594732468859,1.2041165408794,0.0807319342552759,-0.616719070349925,0.164702011624673,2.76022617666238,1.3594732468859,-32.1994916115134
5,2.78157771029787,3.03589160787351,0.317718960390636,0.96776183634131,0.129828781980751,2.75750624359938,-0.378976817342199,4.11750074841313,0.317718960390636,-19.7704240024671
6,-0.498098077406667,0.133585700600761,-3.2730691128414,-0.411524780446427,-0.0399783394504252,0.0898013745433168,-0.861285013784366,0.51570033364466,-3.2730691128414,-21.9436643148002
6,5.98542595114736,-1.31356507590699,-0.986102602388399,2.99986118441643,0.0117045416042085,-0.0648811255973474,-1.12393685575184,6.12786888121073,-0.986102602388399,-23.2257497371699
6,0.0942407213051979,1.11161630163753,1.8481002941419,1.17768535536729,-0.155506909552707,0.310281487083586,0.540404922520141,1.11560392416772,1.8481002941419,-33.3505765189606
6,-0.0159834368252518,-1.04462375595701,-0.581153686891042,-0.396263377411231,-0.112741006604389,-0.26706894841525,-0.0852597144838683,1.04474602739731,-0.581153686891042,-28.4025737675477
6,0.189558290115158,-0.419039551983218,3.1354956538616,1.21893563518557,-0.0586143878938188,-0.0896856357294453,0.6147362568747,0.459920092491814,3.1354956538616,-27.7198751525443
7,NaN,NaN,NaN,NaN,NaN,NaN,NaN,NaN,NaN,-32.8592912620161
7,5.57043561231569,2.16717035043207,-1.8836711668032,1.03371297535557,-0.120610536359937,-2.1743049576604,-1.34768510831793,5.97715486153293,-1.8836711668032,-20.740289300993
7,1.91146071190896,1.15538249567594,-1.2744116368685,1.31266462281924,-0.0374203672885969,-1.08685739874518,-0.774480454230364,2.23351533786671,-1.2744116368685,-4.25556643561068
7,4.73998295063271,-0.519173678536902,2.94832424015442,2.99020356399524,0.038378360145999,-1.02980779374445,0.201578519140256,4.76833091141694,2.94832424015442,-39.9125262741577
7,0.169836673594062,0.170616401363858,1.67745979224712,1.25676487469735,0.102707177820047,0.0748625081466017,0.584992937583166,0.240737309347449,1.67745979224712,-4.75311271379219
8,0.949960201880074,2.02130318451202,0.810988024665804,1.22535627481045,0.100772050697792,0.92000150075121,0.199349721333526,2.23340344516491,0.810988024665804,-13.973785039612
8,-0.808553465171062,-2.84540161672706,3.32564093996879,1.17052303747369,0.124892295554591,0.00509083964348633,1.2794951261216,2.95805156589825,3.32564093996879,-19.775574931278
8,-5.51523969575206,-8.26822179024035,4.31221321742225,0.957026589797579,-0.139279630054595,-2.52246857664813,0.97116276144871,9.93888124862172,4.31221321742225,-28.1573718136438
8,-1.81438434291471,2.53359834563609,0.856118257533296,-0.585912477624959,-0.0565021646268669,0.723113136404823,0.294243194142226,3.11626557289715,0.856118257533296,-22.1868333363049
8,0.379565766632226,3.06289680935539,0.745659256870155,-0.415134460094094,0.0187327994707616,0.942111680491067,0.278404403178936,3.08632581493894,0.745659256870155,-29.9260981997344
9,1.13341518205939,3.01279032202532,-1.94674243557385,-0.411807416749483,-0.117415616116051,1.76207128265051,-0.971327300907056,3.21893390727616,-1.94674243557385,-8.96585265527149
9,-11.2745790789685,-12.3899873922876,5.30512536901296,1.58251643888906,-0.128996456686362,-5.0167320027483,1.25332852241371,16.7519527515141,5.30512536901296,-31.5080789984546
9,1.23137894530709,-0.800555621984813,3.32448098563268,1.29983629077438,-0.030151416628029,-0.469660722263313,0.903937220062343,1.46873530999874,3.32448098563268,-17.9812196553631
9,-1.54036428489023,0.310846782689111,1.52939646605577,0.880745757831534,0.0518390648397931,0.907335587644319,0.5197548447507,1.5714158750864,1.52939646605577,-17.0706542174352
9,2.27676522378158,2.16185956926211,1.10934672420833,3.00685339882972,0.101160318956483,0.526081211411867,0.220335165217001,3.13963320810431,1.10934672420833,-12.9081994363126
10,-2.16329251711985,-5.16267663706039,5.11127789707336,2.83930399795855,0.11897008731547,0.876687980354433,1.38004652671657,5.59759453457249,5.11127789707336,-29.5376862961284
10,3.52874043920889,4.46061506158429,0.0680856776002514,1.54467844957114,0.0801328150326239,1.42396979162185,-0.0958508449083659,5.68762655375164,0.0680856776002514,-26.0130546129911
10,-0.146292345602461,0.954673651396263,1.15378303815649,0.86762512040093,-0.00724426734076822,0.161321651278342,0.376325247748823,0.96581739011686,1.15378303815649,-25.9677257036403
10,6.87457520129361,7.1148706302001,-0.804259265974878,1.26768241753933,-0.0208390547173112,7.11812769600374,-1.82085016353248,9.89349120799756,-0.804259265974878,-27.601929517184
10,0.0677895358694229,3.28999532581651,-2.65064065502381,1.05712473011323,74.9327776216536,0.496825310578011,-0.720080144477873,3.29069364497333,-2.65064065502381,-22.195806382192
11,3.81298821335244,-3.61290320261713,0.63610685782524,2.95911297365313,-0.0179125392454451,-1.04709539031637,-0.374073195812379,5.25280388617791,0.63610685782524,-32.5425107752445
11,1.80668875561486,0.00179984736544725,0.744871217669655,1.30946178235476,0.113688307349594,-0.647475920151578,0.115942364065127,1.80668965213058,0.744871217669655,-24.9570263706885
11,0.060794777817506,-2.41932034553669,2.67555875746137,1.03745372753178,-0.017090784021125,-0.578187449376699,0.61384665458538,2.42008407691503,2.67555875746137,-31.4777452138226
11,-3.71426963629884,-2.41232497641393,0.476421230305988,-0.567725014052144,-0.0602200026217723,2.39644235716503,0.714453504099666,4.42889497763968,0.476421230305988,-26.6795571040956
11,-0.82871929325367,-3.30242130523928,2.17463275106377,-0.55804015980388,-0.142267402547255,-0.787552152220339,0.705628319665905,3.40481455358572,2.17463275106377,-22.2206677840183
12,2.89615154903458,-1.6155432369107,-0.0411710797102955,1.2338389052745,0.0744309165384269,-1.0210386457353,-0.304411398463252,3.31627407572162,-0.0411710797102955,-25.9825153753295
12,3.73674839592061,-1.07672468566008,0.811699589132559,0.957580606927365,-0.0479040451996351,-0.842186239833381,0.0599582142489297,3.88878189451724,0.811699589132559,-27.6151563503224
12,2.0878462171577,1.06031744549711,-2.88139116491013,-0.429761087802916,-0.109538791342401,-0.48533081320565,-0.837772766913453,2.3416607166123,-2.88139116491013,-31.6094760463259
12,NaN,NaN,NaN,NaN,NaN,NaN,NaN,NaN,NaN,-30.7498579315174
12,4.08123669447596,-2.42314342939358,-2.52090728878397,-0.508694204313258,-0.0634810944519009,-1.22203235632485,-0.591456726058752,4.74637936070752,-2.52090728878397,-27.5015305763458
13,1.88575798230187,2.70127545979625,-2.86764191789288,-0.417927194496116,-0.0233911229280341,1.06394236686398,-1.11306038003615,3.29438496194854,-2.86764191789288,-19.9468957578635
13,-2.31897142887637,1.28850810834706,2.70563866622811,1.46210430107462,-0.10186201103148,1.0749905913263,0.894621733709151,2.65290060749004,2.70563866622811,-21.6710736875115
13,3.75871822627434,3.14855284446963,-0.166342700231169,2.88220719476936,0.129206143159218,1.52044837969552,-0.55717003078145,4.90319770343239,-0.166342700231169,-20.4469785869027
13,NaN,NaN,NaN,NaN,NaN,NaN,NaN,NaN,NaN,-29.0607425893092
13,5.93057737391555,2.27011280544266,-4.87087536641513,-0.403506786290393,-0.129172764075553,0.898309244018306,-1.35754409321777,6.35020945618598,-4.87087536641513,-27.0343694793356
14,0.457976130150087,0.321775488497231,3.29586124313434,2.82056130812933,-0.144150460006662,0.0602238173628571,0.463298567797054,0.559715642790945,3.29586124313434,-24.8102134752412
14,-2.40806531666227,-2.05607236770919,6.02947005933322,2.97846779822609,-0.0919551445622213,0.0404785470522313,1.42255040677048,3.16641945272086,6.02947005933322,-35.569103321069
14,3.60887910189385,-1.75001841229555,-0.820809932373706,2.98942827210303,-0.12814215376001,-0.284125834331151,-0.97107205775875,4.01080700301817,-0.820809932373706,-14.2828056833083
14,1.59419416713115,-0.728188321180596,3.16758919885314,3.00423255658103,0.111581521768212,-0.435767067465335,0.421791958969941,1.75263038705221,3.16758919885314,-21.6760564834902
14,-1.99848955036073,2.5722234971722,2.05974037015235,1.26059620350307,-0.00448226908602756,1.82173880834832,0.60419260052555,3.25734465513028,2.05974037015235,-28.4776961617343
15,NaN,NaN,NaN,NaN,NaN,NaN,NaN,NaN,NaN,-28.2400475540268
15,1.85416586522396,1.72961341132591,1.96214538101786,3.01445081718902,0.0462929303921902,0.0444808949763171,0.289897944079279,2.5356446139789,1.96214538101786,-16.1718133964855
15,3.52698667937297,3.74171119324993,-3.10696726529417,1.34867306987357,0.000689294923164496,-0.926623930606681,-1.13640536288639,5.14198771781557,-3.10696726529417,-22.5097739875044
15,2.88638664189597,4.01092391414097,-2.03576169983282,1.24455934260615,0.00286813841119482,1.1177432373041,-0.738445159406531,4.94153199843362,-2.03576169983282,-22.1595483744315
15,-2.78397278298439,2.76870764390461,2.41251831875923,1.46760550647596,0.0621223403730902,0.978496271449181,0.445648221227277,3.92635282085215,2.41251831875923,-28.6089946165002
16,2.69202355249037,2.9157966550851,0.76777710446045,3.04303940659747,-0.0493890215177739,-0.842722855837053,0.189139763362827,3.96848345605325,0.76777710446045,-20.1748807499983
16,0.242709631697991,-1.66937126581887,1.76130784746017,1.41209247744729,-0.040330630981551,-1.05560772842199,0.473492632230567,1.6869227571115,1.76130784746017,-23.2419799356136
16,5.5749138372646,1.82412061739461,-3.7750394353744,1.49076512719358,0.111113285552518,0.72740464084065,-1.12398544573815,5.86575488063799,-3.7750394353744,-33.4855859326681
16,4.56415501750787,5.98294211433043,6.02631116713746,9.25204173823536,0.970570542852309,0.310874760829854,-0.895631333607128,7.52509849551957,6.02631116713746,-31.5170578422409
16,4.45313536945585,3.99748095718638,-1.79691957499665,2.94653158874581,-0.115156097514923,-0.315850690699676,-0.853430918144419,5.98416816456276,-1.79691957499665,-30.9386451837597
17,3.59607771766008,2.63313930954001,0.53403595878018,1.58098251239261,0.00167850448240614,1.73669684753664,-0.355219903198986,4.45703910403489,0.53403595878018,-22.8827760799453
17,-2.46742611393859,-3.10667836284112,2.15214732739884,-0.604849105814651,0.0856449514682875,-0.460233133423031,0.742594797828929,3.96732177644961,2.15214732739884,-32.287418339457
17,4.012265879903,-2.35274509890996,-1.96483870644272,-0.525621607174912,-0.00444232260961819,-1.13277174170391,-0.401879274016586,4.65120274676117,-1.96483870644272,-23.8697101546797
17,1.09829748326453,1.20975940035888,1.05945905677876,1.49659464168207,0.0936190096969494,-0.313910607276114,0.391468923691151,1.63394466506729,1.05945905677876,-14.5394634239952
17,-4.17906437491661,0.0693064461009314,6.71864176368058,2.97371926905129,0.0277704628720508,-0.187161560727565,1.23796477727112,4.17963903144378,6.71864176368058,-38.3566130331824
18,NaN,NaN,NaN,NaN,NaN,NaN,NaN,NaN,NaN,-35.8893810809425
18,-0.412098187365658,0.42478477846862,-0.505274675760802,-2.8421709430404e-14,0.0169927797441197,0.476193451658446,-0.410483001787522,0.591833611793632,-0.505274675760802,5.79945500562103
18,NaN,NaN,NaN,NaN,NaN,NaN,NaN,NaN,NaN,-15.4536011514351
18,-0.760382390127816,1.9425872357497,-4.87356056294621,-1.70382752771479,-0.0284015226378216,0.311950821593072,-0.842736681963665,2.08610319680359,-4.87356056294621,-31.3251349394503
18,3.36559941020329,-1.15561005626499,-1.02585827161218,0.0489102370874832,0.140956059199434,-1.67246014623649,-0.542280591642495,3.55846792764829,-1.02585827161218,-23.229365343774
19,3.70914560218674,1.35822619583831,-1.98239982816452,1.09411667980032,0.0930305697274854,-0.0353332159574116,-0.819049457347447,3.95000499965286,-1.98239982816452,-23.8219024192891
19,1.24040335588627,0.808524282580965,1.05579400534388,1.4056708141778,0.112710009453419,0.736395939059863,0.24277275448086,1.48064580532178,1.05579400534388,-8.05336168611563
19,-3.0206607770094,-0.635929424440889,2.94464665648286,1.27092621749824,0.110046290835886,0.837435001719882,0.623723438293673,3.08687508050338,2.94464665648286,-32.3504894557125
19,-2.56241323311204,-1.73114678909359,0.931998244398983,-0.438312777262865,0.136075700326093,-0.723734749982071,1.09423434644961,3.09238270312986,0.931998244398983,-14.0189540845641
19,-4.655848723817,1.09090908356288,1.66917214642194,-0.461593103769957,-0.038669633146835,1.31375955316025,0.613777869375802,4.78194625311373,1.66917214642194,-23.0321757904452
20,1.5847965740046,-1.70071123318787,0.644751722712886,0.873429489793864,-0.111418483668224,-0.791868725498098,0.22681147786237,2.32465027039942,0.644751722712886,-25.1024128473529
20,NaN,NaN,NaN,NaN,NaN,NaN,NaN,NaN,NaN,-30.3967649826257
20,-1.68558017039385,-5.26708942456418,2.81958014269384,-0.583591840383747,0.103478278994314,0.402733822579762,1.14550594814897,5.53022707645724,2.81958014269384,-30.2286972665439
20,0.56578046409799,0.146221830797337,1.59610539504756,1.47293988476895,0.281582608558556,-0.349158761272705,0.42672946825072,0.584370051728066,1.59610539504756,6.52214401492369
20,NaN,NaN,NaN,NaN,NaN,NaN,NaN,NaN,NaN,-32.9271340697517
21,-2.54941452756843,1.30959802695531,0.601113823641469,1.37380719651472,-0.0660661902404467,0.791445891188673,0.0132067437809198,2.86610562010234,0.601113823641469,-35.6875417525575
21,1.58135066629123,-1.86460721477906,3.05737483224777,1.27302018451786,-0.0342558679444078,-0.572271958327285,0.56613931212831,2.44487831909603,3.05737483224777,-18.2945879788041
21,-0.706001965130497,2.46065925281775,-2.67079937194055,0.896516533990933,-0.10208702371252,0.501312193333028,-0.673587569640054,2.55993803308708,-2.67079937194055,-26.3482293880185
21,2.10879341640157,3.13558096193852,0.266498843826341,2.99135712291843,-0.127007347639399,-1.13190550379187,-0.525207801495004,3.77874021889966,0.266498843826341,-9.81556465342408
21,NaN,NaN,NaN,NaN,NaN,NaN,NaN,NaN,NaN,-31.4980984497702
22,-0.939393965391105,-3.39136503979293,3.32059355830754,0.886081072422201,0.135993954440045,-0.846578024155989,0.720298109881774,3.51906491206726,3.32059355830754,-19.647457987227
22,4.92038116659652,0.708465775018766,1.12984955796065,1.17980762503811,-0.0907928679588359,-1.42293011226765,0.255038549324221,4.97112407599838,1.12984955796065,-29.44375704301
22,2.19796222728776,2.94541881316569,1.08128805299171,2.95094771134396,-0.0213943126746616,0.860274464175252,-0.470250959903353,3.67512311869061,1.08128805299171,-17.0281893041365
22,0.452991126414403,0.127830441567241,0.931079776653462,0.854923110376262,0.0423156412558949,-0.113125695779139,0.272955388092345,0.470682039599415,0.931079776653462,-15.5608022750748
22,0.600361225725294,-0.53652116169161,3.22183555373556,1.29445007294305,-0.0960024067392951,-0.254844238506877,0.878388511158605,0.805163684164463,3.22183555373556,-22.8178117930459
23,0.00795023796015926,0.115516070232601,2.78178645717799,1.27674603624212,-0.0737319062688542,0.0285249454305401,0.821566053191294,0.115789329238952,2.78178645717799,-18.9820558793684
23,-1.19039108064911,2.55163674879643,2.82096508865759,1.24963291538435,0.123287554947973,0.916141324600076,0.87669776493726,2.81564930747729,2.82096508865759,-9.76693667081746
23,1.79719295194573,-0.183208161209009,-1.54380060330761,1.17729762183697,0.123153027687522,-0.510482945157072,-0.614256158128277,1.80650705419519,-1.54380060330761,-14.2881999723843
23,3.30620762110277,0.00849544121632917,-1.47124890887157,2.86606747264648,0.0677607856390097,-0.127026454603216,-0.63778248759915,3.30621853578367,-1.47124890887157,-22.3203827624701
23,-0.733464534178196,-0.188672284447406,1.28018708199013,-0.462449762878634,-0.0603204386962126,0.0393825060778923,0.649240607532205,0.757342362353937,1.28018708199013,-12.6775085737765
24,-2.59818708784874,3.54728605206539,2.24403374243369,0.937044613424916,-0.125584819164103,1.11546160936257,0.419264000235088,4.39702336571476,2.24403374243369,-22.1288619314383
24,1.53398499460309,-0.106007836216037,-1.65975924875529,0.921125877583052,-7.27116282514539e-05,-0.280662680976462,-0.400550220052278,1.53764352988807,-1.65975924875529,-35.7709223022753
24,3.80420791170717,4.5469764351215,-0.956105668037111,1.29294595975352,0.0144097794995499,2.81880077523652,-1.53977242246759,5.9284899035965,-0.956105668037111,-12.2313816227804
24,1.10646832466921,5.49875354759544,-1.67794037567734,0.921191518541548,0.0967773935350511,1.1738606192264,-0.564380126551733,5.60897162862229,-1.67794037567734,-23.9373466460409
24,0.854659019488462,3.41126786824239,-2.85863817343315,1.53677367463695,0.0915865556295075,-0.145240645114299,-0.845666164971707,3.51670165190281,-2.85863817343315,-31.0746730600592
25,-2.26092198122623,-6.82307961649101,2.18409610822039,1.58617971444676,0.0270418644531247,-2.50188879992321,0.364588190225206,7.18791928572984,2.18409610822039,-34.071504166116
25,-1.59887330847269,-1.44616409178083,1.12896169473326,-0.59697767607085,-0.102182214734857,-0.673704353015784,0.543013616864723,2.15587254653486,1.12896169473326,-28.1039619322716
25,-2.63519205895446,2.5638030079441,3.97566836312097,1.57462247917161,-0.11353011495688,1.07816036211277,0.929468265511986,3.67659122709064,3.97566836312097,-26.6691304721801
25,1.6064001784232,-1.09948608803992,1.09084639312532,-0.605326113216876,-0.107566948144234,-0.423618809346408,0.31368460728007,1.94663586503265,1.09084639312532,-13.4014551411828
25,-2.74273625222264,-3.56609145342714,2.89618383772077,-0.561254353978939,-0.0677842304498371,-0.814117868403573,0.787994118864944,4.49884545227577,2.89618383772077,-34.2090642514015
26,1.51975094806107,1.38223813343065,0.73699879766842,1.07390266146672,-0.0882804747311674,0.438382728879215,0.1035725033449,2.05431867090828,0.73699879766842,-22.8455453336753
26,NaN,NaN,NaN,NaN,NaN,NaN,NaN,NaN,NaN,-29.4641354626773
26,-3.23230481953628,-0.768433527908087,4.01002086032486,1.58079959276179,0.20533647097622,0.875225458417916,0.964086728363775,3.32239138772221,4.01002086032486,-15.5440495771058
26,4.26250736804283,0.638434717810043,0.437757207876984,1.28398367511426,-0.0127612395420833,-5.02263429997445,-1.82241187700407,4.31005428637791,0.437757207876984,-18.1551220326384
26,1.24262575074647,-2.07340920038648,1.7196569449639,1.45503432156136,0.129255356817481,-0.731995205324083,0.19182057936149,2.41725970236248,1.7196569449639,-24.4681659099768
27,-0.273704865432194,-1.09949371340386,0.737169475989106,-0.408617656633481,0.0066341449809606,-0.0818925386560068,0.347750890107505,1.13304932777698,0.737169475989106,-23.0368858104504
27,NaN,NaN,NaN,NaN,NaN,NaN,NaN,NaN,NaN,-30.7327358087672
27,0.131637066024922,1.21477934132996,2.7798853096554,1.09966111068545,0.127513484991891,0.351031727168621,0.664904451803267,1.22189081561067,2.7798853096554,-29.7487001126707
27,3.91944315440875,5.75031636624273,-4.54799328838001,-0.56542802658231,0.192375672958281,1.55263274366344,-1.05503607936831,6.95903534640546,-4.54799328838001,-30.8534385834383
27,-2.65817868133893,-0.692867297846362,0.906004325398342,-0.568196397624348,-0.108621495340388,1.01463611211258,0.473194002133766,2.74699453846376,0.906004325398342,-23.7859149587362
28,-0.550847405982182,-5.82658478834692,4.11557930155421,1.51287106539672,-0.0118071059077813,-1.32559632424913,0.828277227564211,5.85256551953697,4.11557930155421,-28.6198760657598
28,1.9141241886187,0.272932178335353,2.43722426549482,2.9109494582373,0.0569638371796497,-0.643107142055015,-0.131723104573837,1.93348477713844,2.43722426549482,-27.068952754304
28,4.02629575058188,0.325868266717336,-3.24249463888688,0.955621084254631,0.0426163535187136,-0.301795826454587,-1.02329185449155,4.03946130052103,-3.24249463888688,-25.525678001528
28,4.79859985064317,-0.704690137367606,-1.59383694319155,1.03171867046092,-0.0072573663232226,-1.02337657005567,-0.542256279547175,4.85006687750755,-1.59383694319155,-40.6646217028289
28,-4.37871673291093,-6.26964338495177,5.67381989651631,2.91023518209406,-0.0297831740776964,-2.9993549815337,1.40928286991104,7.6473255718286,5.67381989651631,-18.7472489843993
29,-0.017439353101139,0.0500473847946097,1.33168234655398,0.917704371450327,0.0233929835239369,0.0155968814373679,0.207659362122072,0.0529987901877574,1.33168234655398,-26.5132724756837
29,-1.2993931201317,-0.848784045725587,3.83238876768161,1.08615141178541,0.121376986946881,-0.127236102062513,0.724142192084983,1.55204923791866,3.83238876768161,-24.0889397821375
29,0.576924019096225,-2.55492516768774,1.23821995623885,-0.431268996170331,0.0648793630207742,-0.428494180548881,0.487177946041051,2.61925255298041,1.23821995623885,-29.9435638445076
29,-1.56456369715704,-1.32141739487955,3.32189067156403,1.1072106347581,0.0124455936254746,0.0487197543931899,0.985849835605187,2.04792663295147,3.32189067156403,-33.2572356472027
29,2.62455678249077,-0.206167826126034,-2.80803194925603,-0.398348597738305,-0.0488742776458011,-0.695549515489546,-0.722772395262165,2.63264191964039,-2.80803194925603,-13.3915860890602
30,1.85053963445867,3.5569648669339,-1.15806441587495,-0.515059884117136,-0.0508054174537733,1.37409931704283,-0.253720076155098,4.00955059867119,-1.15806441587495,-25.946071812372
30,3.61984015570727,2.99840954712775,-1.2713113212051,2.92074997838398,0.0819342160435319,0.238669562690696,-0.738856266607492,4.70039387340866,-1.2713113212051,-30.5829865992431
30,1.39355864108745,1.09999581098035,-3.42691305986699,-0.507280231474112,74.9551015205254,-0.077276190994148,-0.84054223284798,1.7753862876354,-3.42691305986699,-32.9374911242881
30,-1.25651975870554,-0.763484124568862,3.01241726902163,1.27406055370466,0.124559528873347,0.00854251602699208,0.483047321972563,1.47028905745983,3.01241726902163,-33.8111831669492
30,-0.582381468686833,-0.156577682111923,-0.0183197316868942,-0.50077185301771,0.05823844620841,-0.13749139179891,0.0387217107495132,0.603062804030704,-0.0183197316868942,-18.3213735959555
31,NaN,NaN,NaN,NaN,NaN,NaN,NaN,NaN,NaN,-20.1586965057987
31,-3.61306276161051,-0.222511988051679,5.87443013488678,2.85088748045348,-0.14235643527846,1.01951750668718,1.26932564883304,3.61990802426847,5.87443013488678,-21.6563998226273
31,-4.05125427543337,-1.21032663397967,1.65606714058831,-0.593181710345846,0.0536102777072234,-0.985060095952912,0.989760063461915,4.22818539862406,1.65606714058831,-25.8837540283645
31,2.81459272267703,2.38580001377962,-1.09036919164009,1.00566328647548,0.0605764402310358,0.289248355388473,-1.23453686102928,3.68971189936251,-1.09036919164009,-14.8648276136802
31,0.38373412219137,-1.73023638121006,4.50750327368172,1.27249292849945,-0.0678395618766956,-0.297403784413554,0.932700195758951,1.77227814165748,4.50750327368172,-27.8588002468621
32,1.14753555197984,-4.90002170518319,2.06443926510579,3.01793527347385,0.0750240179515558,-1.51355788564067,-0.00349749925037202,5.03259878733881,2.06443926510579,-21.6161923577192
32,2.38067604297285,2.18092551273526,0.180092327651295,0.892547532301847,0.137259263987861,1.14358561906226,-0.210766136319549,3.22863043931702,0.180092327651295,-27.4138338190417
32,-4.89425485673313,-0.108257774470886,2.78465516047495,-0.439326418003049,-0.12138900391999,0.757141086775952,1.28473652934718,4.89545200654538,2.78465516047495,-19.2096690561462
32,-0.0917792795359134,1.54863572053037,0.745959719858035,1.47444365710871,0.111490338489167,0.292740513947159,-0.0123638918746281,1.55135296791373,0.745959719858035,-17.6312689428751
32,-2.67147398132954,0.793990463739789,4.53287325891938,1.30125508035405,-0.0389523648966623,0.635193191733009,0.945866395562135,2.7869686201015,4.53287325891938,-26.8875568838837
33,5.43596916217358,0.317388917895646,6.72289996767915,8.15693936068222,-0.194828377388585,-0.754670061061441,-1.27044884160544,5.44522694268155,6.72289996767915,-8.10376691799297
33,-4.55444844766575,2.41186447533664,2.42903697296043,-0.569182481939379,0.0337730344341294,0.746529786800097,1.12748491691015,5.15364831064711,2.42903697296043,-24.5797539232972
33,1.52561778760955,1.52229574154833,2.76712259019962,2.97124038914691,-0.12609830531996,-0.338506779128096,0.388668608415188,2.15520160509564,2.76712259019962,-31.581748115202
33,1.04133593201837,2.35528191470087,-0.665821575392727,0.851336932247193,-0.0210334329518838,0.43379835838018,-0.276543096493342,2.57521521839041,-0.665821575392727,-30.3803515877717
33,0.349940724838433,-0.506062833141883,-3.12505932623664,-0.502337627364852,-74.8104056858646,-0.132466903711499,-0.687738643820518,0.61527075502419,-3.12505932623664,-31.8335253924205
34,3.56745520639046,1.23802331545451,-1.72984013963625,1.52542304482893,0.0771972396192595,-0.0549537014225621,-0.669338649253696,3.77616715456445,-1.72984013963625,-36.9458234622561
34,-0.642386774232563,-1.11157963411814,2.17933136074777,1.17495250267092,-0.0967715119957546,-0.273391345936385,0.311251612131329,1.28384969941779,2.17933136074777,-16.8237830178145
34,-0.0444150702573438,-4.90026837991455,2.44668383041645,1.55027956671088,-0.0850943039924736,-1.24007214666795,0.533585505319008,4.90046966051789,2.44668383041645,-18.7161348055421
34,-1.534757900302,-1.39639127459708,0.971193487954082,-0.483447061988841,-0.0383291227670455,0.196749827916769,0.421593429368286,2.0749434701481,0.971193487954082,-35.3737798128291
34,-0.02022088545786,2.82955279372426,1.49639765258433,1.09255545914669,-0.0567002666861844,0.625057578038774,0.212397948912489,2.82962504524565,1.49639765258433,-33.6290857206846
35,2.53794625148234,0.361711930208411,2.04996208153606,2.96224811332755,0.0870934510361763,0.690490065763964,0.56142543091736,2.56359253702072,2.04996208153606,-0.239456601352251
35,-0.181241875534852,2.66912186748138,1.40337859680785,1.4416803155876,-0.123704685277736,0.578757709240687,0.262266315335314,2.67526824092738,1.40337859680785,-20.9258905670562
35,1.97382467493233,3.85611620004885,-2.32706590369371,0.989164603776402,-0.0963022395737436,1.17482717535761,-0.673634041349908,4.33192982349102,-2.32706590369371,-4.35352359192509
35,NaN,NaN,NaN,NaN,NaN,NaN,NaN,NaN,NaN,-37.5957864296208
35,3.6036661973456,1.37949579782983,0.372855234126092,2.92313064240125,-0.0356048708450416,-0.118927881081746,-0.470158616552723,3.85868095573105,0.372855234126092,-30.9344900451684
36,-0.294960631878865,0.464758215702219,1.26789603588867,1.0970006044987,-0.00814485414156252,0.228685056433154,0.1283366833499,0.550456150316344,1.26789603588867,-30.0165673601222
36,-8.31189453110158,0.0708721126608793,1.74378878165203,-0.585157274171308,0.109203013274697,2.09250521935434,0.564483817877985,8.31219667431596,1.74378878165203,-32.5923179173065
36,3.9703129163716,6.57473607251391,-3.11841740742904,1.14811397380413,-0.127562429344479,1.68134207808507,-0.987586087234384,7.68052986955476,-3.11841740742904,-33.6725178942841
36,4.04498766776431,-0.820321090153364,2.0672258575531,2.85979126000325,-0.0986510443960338,-2.30237194423705,-0.357836433976686,4.12732987817981,2.0672258575531,-22.2597413849822
36,-9.84052795578389,-0.66865138854854,6.42486693830324,2.97842752996246,-0.113814246467415,2.21635139183044,0.983037234738603,9.86321880158664,6.42486693830324,-33.8804256554791
37,NaN,NaN,NaN,NaN,NaN,NaN,NaN,NaN,NaN,-37.4093814636942
37,NaN,NaN,NaN,NaN,NaN,NaN,NaN,NaN,NaN,-32.0315393521615
37,4.50187599330386,1.7389180196824,-2.04874176711007,1.2551627757652,0.11694914362488,-0.52857888409153,-1.29484085531043,4.82604634646848,-2.04874176711007,-28.8194593176672
37,3.43933794386913,-0.103749118033235,-1.88277515629834,-0.494758697823329,-0.0324035381269816,-2.59978778944603,-1.56768790104039,3.44090240658328,-1.88277515629834,-15.8002521728731
37,3.19968157985299,0.359757581702159,0.892122912182074,2.88296779499481,-0.0917872926634171,-1.04267861675294,-0.806647344902281,3.21984281138733,0.892122912182074,1.48981631471783
38,3.9362360819059,1.26795177027134,-1.82247970339645,2.91295825973097,0.0883621208693413,0.888077136260347,-1.58896574239171,4.13541487449955,-1.82247970339645,-4.83001342542817
38,2.67420082752032,2.08467524870096,2.47634268625822,2.93576269501284,-0.120599061501959,1.35978738311357,0.0415747431877023,3.39075521948382,2.47634268625822,-15.6862290134096
38,-1.42957570374007,2.64485271885934,1.09158535841058,1.07459793154632,0.0858075104441411,1.11478073512065,0.0943265948975522,3.0064817639862,1.09158535841058,-12.2890453885501
38,NaN,NaN,NaN,NaN,NaN,NaN,NaN,NaN,NaN,-35.0890307747452
38,4.65114009566061,5.05506772220426,-2.70726902053536,0.211389897452193,-0.0106021214230339,1.1571247838378,-1.58401527118947,6.86926588985557,-2.70726902053536,-23.7876515605277
39,2.01082755410204,4.48808146347941,3.67247490022754,2.96713312253621,0.103679186134226,0.926243235461977,0.6426878842938,4.91795716483618,3.67247490022754,-26.3795613803933
39,2.74600090823631,0.706429925730191,1.73470969051567,2.93192078152725,-0.00729396467886545,-0.396908880167224,0.0952003730044488,2.8354125322432,1.73470969051567,-31.4384014599091
39,3.32751888958088,-0.578788355991122,-1.87096809274168,-0.472514714222228,-0.0615797709063699,-1.47619098551884,-0.785033423926162,3.37748100239638,-1.87096809274168,-3.71269116734665
39,0.686339943259497,-1.98819354357995,0.438358208070454,1.20906010049248,-0.0656405856513231,-1.07598067514159,-0.0552979757258427,2.1033250068514,0.438358208070454,0.944471666686158
39,0.306319672440395,1.07521669844729,-0.0189222774129192,0.910900085000463,0.0355073127741932,0.161882749737067,-0.0191052699471963,1.11799941428602,-0.0189222774129192,-17.1330378230345
40,-1.65352349564952,0.460648875863626,2.28192952116959,0.948539232074097,-0.0259485042803131,0.338237569966729,0.354308988058001,1.71648983029304,2.28192952116959,-28.6358652139636
40,-8.2913810982435,-3.85463829390835,4.5518811483285,2.90449832191041,0.00780824180483497,5.85373778628123,1.43361055304442,9.14358993465773,4.5518811483285,-28.9921853757639
40,1.99389629026282,-3.50375730176046,1.48774071486324,2.92699443316698,-0.0167249831468718,-0.865481350100604,0.0320581139535072,4.03136920238814,1.48774071486324,-40.8034069050411
40,NaN,NaN,NaN,NaN,NaN,NaN,NaN,NaN,NaN,-31.0354533285724
40,1.63664679180351,-2.99018080652658,0.72207099295801,1.55196488724695,-0.0512903723218714,-1.12296641029804,-0.0194916077928013,3.40878189047652,0.72207099295801,-24.9770025957392
41,-0.26569460036697,1.9525258173947,-0.729694418843938,1.24835019353574,0.0315071999444978,0.435358656264434,-0.223230931131219,1.9705204105152,-0.729694418843938,-26.4719313259109
41,1.59731851834883,-1.70085056154815,1.19234982037987,0.904486076062199,0.0331700351815876,-0.735887639458277,0.372812871053486,2.33330646975033,1.19234982037987,-17.1183415390238
41,0.43032111427722,3.59076873800072,0.90060235101393,2.96686928333401,-0.161613225063409,0.921666485811613,-0.404987510052756,3.61646186087951,0.90060235101393,-24.9605669945223
41,6.95088270343336,1.81480962399226,-2.43801758011375,1.50212260015928,0.0832336512385682,-1.22059196263839,-0.964993950642999,7.18389200421499,-2.43801758011375,-27.585591149962
41,1.87983895354216,3.72892094567661,-1.38263917251655,1.49851323462201,0.13669318829,1.04296053091497,-0.852761036706553,4.175960477586,-1.38263917251655,-28.2666529619445
42,-2.16726943401193,2.95595355622456,-3.61734413386798,1.58191941296479,-0.0208249017367219,0.700922230107295,-0.854439138843589,3.66534012421207,-3.61734413386798,-21.365207842763
42,-0.533528862286616,0.694359166819108,-0.28959082817024,-0.392489996005992,0.0891941814252846,0.376195133572121,-0.113103107356406,0.875664147626576,-0.28959082817024,-7.74923272385162
42,1.94765692754109,-3.10483474485915,-1.24648569842272,1.07689622030651,-74.8995289316271,-0.92882929410351,-0.406852515421317,3.66515569932348,-1.24648569842272,-4.87985881238504
42,0.0831601734010547,0.570657383567095,-1.01766035950163,-0.493622025195947,0.0189689702723177,0.0134407576511109,-0.266854236410843,0.57668489130524,-1.01766035950163,-25.5574917900173
42,0.257425724261921,0.418802857688831,2.72565161208428,0.861964456007456,0.110882222172169,-0.0510464732151661,0.75207443503735,0.491593162198282,2.72565161208428,-14.1621534426106
43,-0.997484176776311,0.883367855849571,1.93107530980839,1.21860064524503,-0.00910965566743371,0.301454758494778,0.295552246638653,1.33240889056903,1.93107530980839,-33.2910725017232
43,2.29523601228641,-0.220421717370911,2.88087609449227,2.91891841725374,0.059045366670853,-0.77196739141165,0.574912300207828,2.3057957597292,2.88087609449227,-15.8370992905396
43,8.23995350523937,5.96802858680116,-2.45109828847143,1.00841776601214,-0.0272763825371767,3.32613114746753,-1.76094690858692,10.1741927926191,-2.45109828847143,-23.7306699974197
43,1.21123167374982,0.394780804941572,0.177372122171462,1.21781397227095,0.108802287985105,0.302518572487759,-0.0378419685264486,1.27394428898799,0.177372122171462,0.965574385937752
43,3.77235705462235,-1.73539773743289,-1.41620143685077,1.45311598924542,-0.0448694238148093,0.0783766340169798,-0.755563720229283,4.15238281648576,-1.41620143685077,-28.7994994995202
44,0.976898243520452,-1.07394374006935,3.43411342660585,2.96927848134789,74.7964141208788,-0.311067361480223,0.793109058507468,1.45178694546669,3.43411342660585,-11.7045096575885
44,0.497092584522875,-3.15563266510134,0.00917463879363822,0.855725033543195,-0.0122511949308124,-0.832195073157397,-0.201151741949538,3.19454512484051,0.00917463879363822,-34.9848997705884
44,1.3961153500241,0.834079183821114,-1.25881659089743,1.3429656183572,0.0360909876472348,0.2361644198311,-0.476721883256994,1.62629214947888,-1.25881659089743,-30.8734145261182
44,-0.159704381281131,-4.47495712242902,-0.348776262060852,1.09409592854306,-0.140028607079104,-1.48822412055923,-0.386557859577344,4.47780601823913,-0.348776262060852,-25.0826022247635
44,-1.50272139871157,2.7618130597734,-0.911262402910445,0.854861058927781,0.0315302736051262,0.680721176874314,-0.225459266644766,3.14416649992976,-0.911262402910445,-33.0288826836677
45,NaN,NaN,NaN,NaN,NaN,NaN,NaN,NaN,NaN,-29.7635522361613
45,7.37306346237381,1.40075705166394,-2.16863742693155,3.01822829853279,-0.130683517520898,0.917434124085288,-1.16579450524083,7.50494404629228,-2.16863742693155,-29.5514935626761
45,-1.76598169249348,3.08519902131119,3.03707860998048,1.45452987777583,-0.124991462962841,1.11373528072881,0.653370729336217,3.55487613558077,3.03707860998048,-23.3409612467345
45,NaN,NaN,NaN,NaN,NaN,NaN,NaN,NaN,NaN,-9.47324466221924
45,4.64201893970409,-0.572808472212017,-2.50511579276611,1.03797700140336,-0.00479095212163472,-0.758668267829876,-0.809003799190762,4.67722667639803,-2.50511579276611,-29.1927821802638
46,-0.435754489366715,1.41993040163513,1.02848425798101,1.34952158759501,0.0839182458463483,0.239317819797165,0.143258158104427,1.48528930531763,1.02848425798101,-27.704580288308
46,4.00222367854792,-1.82167046355465,-1.28544665080756,1.42908394569565,0.118595964511385,-0.911595068889966,-0.444271562233464,4.39730345222127,-1.28544665080756,-26.2876917707797
46,1.71656410422787,2.8522949066396,0.982188251873865,2.82207480069277,-0.0661700147928914,-0.206783976877169,-0.967211362157087,3.32899062154969,0.982188251873865,-23.9997873300647
46,4.11914969372087,1.00245903546906,-0.0893917666714898,2.96808249942578,-0.0240830333768473,-0.756673239499193,-0.117189868054867,4.23937711427921,-0.0893917666714898,-22.4814627010524
46,2.60004214069507,1.43099641309869,-0.54673961026856,1.39085387295009,0.0573700428573929,-0.198430741262314,-0.897467478263685,2.967822411751,-0.54673961026856,-20.3213284595097
47,1.33895399161854,0.132696639282869,-0.438959451473039,0.278348225766308,0.000420012876489295,-0.245014992649288,-0.12698350572424,1.34551335547002,-0.438959451473039,-34.7009891838731
47,0.650184070201277,1.35700520334424,-0.355491034400899,0,-0.0537087312471329,1.31187879151488,-0.311108420375596,1.50472670177904,-0.355491034400899,-1.15030274161653
47,-1.5055270131353,-0.993175227688909,-0.0837425816826212,-1.61134020723918,0.134696739228882,0.396087523698803,0.201866424684784,1.80360988580541,-0.0837425816826212,-5.15809369981821
47,-1.11208562587147,0.435981382261062,2.84246349776227,1.61707198007139,-0.0939506997782757,0.645466456886147,1.01035030264256,1.19449328376019,2.84246349776227,-29.0098819842873
47,2.03698834265641,-0.285640326145852,-1.04059757051598,0.0585161856355398,-0.0625640218259953,-0.466172772535451,-0.263094069424845,2.05691805963165,-1.04059757051598,-21.8505674445798
48,1.36851622851148,1.96429220326306,-2.23604278413993,-0.382477837844306,-0.106760132740048,0.460576598240538,-0.459256221199063,2.39400929979383,-2.23604278413993,-24.3463848828806
48,3.35236664810211,1.01823036375225,-4.11617308452671,-0.581281294350617,0.145820062019883,0.0509208734673816,-1.19918038626366,3.50359175946262,-4.11617308452671,-22.3949836939058
48,NaN,NaN,NaN,NaN,NaN,NaN,NaN,NaN,NaN,-25.8512258676704
48,2.80856813985338,0.0135402757522769,-2.1443295290976,-0.412702400539075,0.00427758101496956,0.409289997239235,-0.776878019092202,2.8086007789052,-2.1443295290976,-30.2487243128011
48,2.41810731504317,0.0977612599006576,-0.63107452502669,1.06704126501276,-0.0281805556311667,-0.256603897674527,-0.622519660911188,2.42008269507525,-0.63107452502669,-0.558736277267759
49,1.43760273910939,3.35138453788359,0.792476540512382,3.03280293217998,-0.114325796317337,0.498742764894857,-0.533771211756182,3.64670809858152,0.792476540512382,-27.1151402758354
49,NaN,NaN,NaN,NaN,NaN,NaN,NaN,NaN,NaN,-22.5636344788455
49,0.994832320288367,1.14053945045114,3.13045886852865,2.84957001740869,0.0269449837201918,0.424307277657459,0.430244821971478,1.51344692127795,3.13045886852865,-21.1405548665523
49,2.7041544446015,0.875563797608645,0.828667694735863,2.95872694166762,-0.0691229360362993,-0.021962552483437,-0.0629363794305249,2.84236929760032,0.828667694735863,3.12114570368771
49,0.994560925776398,1.87501047787828,-1.03636331161658,0.989915970589578,0.0862989542234587,-0.0445240566365328,-0.973512599313182,2.12245511783748,-1.03636331161658,-18.1738238610916
50,5.07836258644557,0.727630655296366,0.690330181330523,1.34767140255602,0.0395612373088881,-1.27351979814522,0.0149747150940627,5.13022542681481,0.690330181330523,-25.7942077557609
50,NaN,NaN,NaN,NaN,NaN,NaN,NaN,NaN,NaN,-36.9243271016269
50,-7.03046971892365,-7.39269419868283,3.23101551837721,-0.534965911506561,-0.0615793741167288,-2.27721143763532,0.898206575117285,10.201932757274,3.23101551837721,-41.9597069520649
50,-2.14324487692821,2.4957232391851,2.8268820466111,1.47083824833578,-0.131009171340185,1.19622399883665,0.713733308689278,3.28970106378795,2.8268820466111,-25.0860497835845
50,-1.83871789931362,0.231790553496182,7.10810512929453,2.90583945878538,-74.9717239426426,0.494862558433873,1.61999748319126,1.8532701837418,7.10810512929453,-23.2063987525015
